{"TF-IDF": {"French_Cleaned": {"accuracy": 0.9423401688781665, "weighted_f1": 0.942312612358144, "training_time": 0.4872589111328125, "report_dict": {"negative": {"precision": 0.9367319071461083, "recall": 0.953660797034291, "f1-score": 0.9451205510907004, "support": 2158.0}, "positive": {"precision": 0.9486652977412731, "recall": 0.930045294413689, "f1-score": 0.9392630241423126, "support": 1987.0}, "accuracy": 0.9423401688781665, "macro avg": {"precision": 0.9426986024436907, "recall": 0.94185304572399, "f1-score": 0.9421917876165065, "support": 4145.0}, "weighted avg": {"precision": 0.9424524492721862, "recall": 0.9423401688781665, "f1-score": 0.942312612358144, "support": 4145.0}}, "confusion_matrix": [[2058, 100], [139, 1848]], "language": "French", "text_version": "Cleaned"}, "French_No Stopwords + Lemmatized": {"accuracy": 0.9416164053075995, "weighted_f1": 0.9415609944514688, "training_time": 0.31803107261657715, "report_dict": {"negative": {"precision": 0.9303683737646001, "recall": 0.9596848934198332, "f1-score": 0.9447992700729927, "support": 2158.0}, "positive": {"precision": 0.9546638874413758, "recall": 0.9219929542023151, "f1-score": 0.9380440348182284, "support": 1987.0}, "accuracy": 0.9416164053075995, "macro avg": {"precision": 0.9425161306029879, "recall": 0.9408389238110741, "f1-score": 0.9414216524456105, "support": 4145.0}, "weighted avg": {"precision": 0.9420149806827552, "recall": 0.9416164053075995, "f1-score": 0.9415609944514688, "support": 4145.0}}, "confusion_matrix": [[2071, 87], [155, 1832]], "language": "French", "text_version": "No Stopwords + Lemmatized"}, "English_Cleaned": {"accuracy": 0.9355850422195416, "weighted_f1": 0.9354759067646493, "training_time": 0.4202921390533447, "report_dict": {"negative": {"precision": 0.9178082191780822, "recall": 0.9624652455977757, "f1-score": 0.9396064238859987, "support": 2158.0}, "positive": {"precision": 0.9569606801275239, "recall": 0.9063915450427781, "f1-score": 0.9309899198759369, "support": 1987.0}, "accuracy": 0.9355850422195416, "macro avg": {"precision": 0.937384449652803, "recall": 0.9344283953202769, "f1-score": 0.9352981718809679, "support": 4145.0}, "weighted avg": {"precision": 0.9365768415922053, "recall": 0.9355850422195416, "f1-score": 0.9354759067646493, "support": 4145.0}}, "confusion_matrix": [[2077, 81], [186, 1801]], "language": "English", "text_version": "Cleaned"}, "English_No Stopwords + Lemmatized": {"accuracy": 0.9293124246079614, "weighted_f1": 0.9291894881920268, "training_time": 0.2494959831237793, "report_dict": {"negative": {"precision": 0.9116997792494481, "recall": 0.9569045412418906, "f1-score": 0.9337553696586027, "support": 2158.0}, "positive": {"precision": 0.950531914893617, "recall": 0.8993457473578259, "f1-score": 0.9242306697698475, "support": 1987.0}, "accuracy": 0.9293124246079614, "macro avg": {"precision": 0.9311158470715326, "recall": 0.9281251442998583, "f1-score": 0.9289930197142251, "support": 4145.0}, "weighted avg": {"precision": 0.9303148464448555, "recall": 0.9293124246079614, "f1-score": 0.9291894881920268, "support": 4145.0}}, "confusion_matrix": [[2065, 93], [200, 1787]], "language": "English", "text_version": "No Stopwords + Lemmatized"}}, "RNN": {"French_Cleaned": {"accuracy": 0.9387019230769231, "weighted_f1": 0.9384346005486733, "training_time": 96.91931200027466, "report_dict": {"0": {"precision": 0.9281891168599464, "recall": 0.9467697907188353, "f1-score": 0.9373873873873874, "support": 2198.0}, "1": {"precision": 0.9385181292695743, "recall": 0.9173086800205444, "f1-score": 0.9277922077922078, "support": 1947.0}, "accuracy": 0.9329312424607962, "macro avg": {"precision": 0.9333536230647603, "recall": 0.9320392353696898, "f1-score": 0.9325897975897977, "support": 4145.0}, "weighted avg": {"precision": 0.9330408869833592, "recall": 0.9329312424607962, "f1-score": 0.9328803150902065, "support": 4145.0}}, "confusion_matrix": [[2081, 117], [161, 1786]], "language": "French", "text_version": "Cleaned", "class_distribution": {"0": 10987, "1": 9734}}, "French_No Stopwords + Lemmatized": {"accuracy": 0.9353930995475113, "weighted_f1": 0.935513281017932, "training_time": 93.80530977249146, "report_dict": {"0": {"precision": 0.9193404634581105, "recall": 0.9385805277525022, "f1-score": 0.9288608734804142, "support": 2198.0}, "1": {"precision": 0.9289847448711205, "recall": 0.9070364663585002, "f1-score": 0.9178794178794178, "support": 1947.0}, "accuracy": 0.9237635705669481, "macro avg": {"precision": 0.9241626041646155, "recall": 0.9228084970555013, "f1-score": 0.923370145679916, "support": 4145.0}, "weighted avg": {"precision": 0.9238705999867307, "recall": 0.9237635705669481, "f1-score": 0.9237026360726602, "support": 4145.0}}, "confusion_matrix": [[2063, 135], [181, 1766]], "language": "French", "text_version": "No Stopwords + Lemmatized", "class_distribution": {"0": 10987, "1": 9734}}, "English_Cleaned": {"accuracy": 0.9295955882352941, "weighted_f1": 0.9296098660371421, "training_time": 76.95069098472595, "report_dict": {"0": {"precision": 0.9306885544915641, "recall": 0.9285714285714286, "f1-score": 0.9296287861534958, "support": 2198.0}, "1": {"precision": 0.9195696721311475, "recall": 0.9219311761684643, "f1-score": 0.9207489099769172, "support": 1947.0}, "accuracy": 0.9254523522316044, "macro avg": {"precision": 0.9251291133113557, "recall": 0.9252513023699465, "f1-score": 0.9251888480652064, "support": 4145.0}, "weighted avg": {"precision": 0.9254657646349341, "recall": 0.9254523522316044, "f1-score": 0.9254577080073441, "support": 4145.0}}, "confusion_matrix": [[2041, 157], [152, 1795]], "language": "English", "text_version": "Cleaned", "class_distribution": {"0": 10987, "1": 9734}}, "English_No Stopwords + Lemmatized": {"accuracy": 0.9216911764705882, "weighted_f1": 0.9218671934389734, "training_time": 101.18599605560303, "report_dict": {"0": {"precision": 0.9238833181403828, "recall": 0.9222020018198362, "f1-score": 0.9230418943533698, "support": 2198.0}, "1": {"precision": 0.9123526396719631, "recall": 0.9142270159219312, "f1-score": 0.9132888660851719, "support": 1947.0}, "accuracy": 0.9184559710494572, "macro avg": {"precision": 0.918117978906173, "recall": 0.9182145088708837, "f1-score": 0.9181653802192709, "support": 4145.0}, "weighted avg": {"precision": 0.9184670983628164, "recall": 0.9184559710494572, "f1-score": 0.9184606769738327, "support": 4145.0}}, "confusion_matrix": [[2027, 171], [167, 1780]], "language": "English", "text_version": "No Stopwords + Lemmatized", "class_distribution": {"0": 10987, "1": 9734}}}, "CNN": {"French_Cleaned": {"accuracy": 0.9396917420814479, "weighted_f1": 0.9396790668959717, "training_time": 357.1672270298004, "report_dict": {"0": {"precision": 0.9395454545454546, "recall": 0.9404003639672429, "f1-score": 0.9399727148703957, "support": 2198.0}, "1": {"precision": 0.9326478149100257, "recall": 0.9316897791474062, "f1-score": 0.9321685508735869, "support": 1947.0}, "accuracy": 0.9363088057901086, "macro avg": {"precision": 0.9360966347277402, "recall": 0.9360450715573245, "f1-score": 0.9360706328719912, "support": 4145.0}, "weighted avg": {"precision": 0.9363054776165811, "recall": 0.9363088057901086, "f1-score": 0.9363069230002421, "support": 4145.0}}, "confusion_matrix": [[2067, 131], [133, 1814]], "language": "French", "text_version": "Cleaned", "class_distribution": {"0": 10987, "1": 9734}}, "French_No Stopwords + Lemmatized": {"accuracy": 0.9332296380090497, "weighted_f1": 0.9334465462912618, "training_time": 247.53573513031006, "report_dict": {"0": {"precision": 0.921875, "recall": 0.9394904458598726, "f1-score": 0.9305993690851735, "support": 2198.0}, "1": {"precision": 0.9301837270341208, "recall": 0.9101181304571135, "f1-score": 0.9200415368639667, "support": 1947.0}, "accuracy": 0.9256936067551267, "macro avg": {"precision": 0.9260293635170604, "recall": 0.924804288158493, "f1-score": 0.9253204529745701, "support": 4145.0},